member_id,library_card,first_name,last_name,email
1,LIB14677-6436,Zachary,Gray,adamslori@example.com
2,LIB26887-6989,Kathryn,Bradley,aaron61@example.org
3,LIB10617-3636,Robert,Phillips,hharris@example.org
4,LIB13759-2509,Julie,Knight,jennyross@example.net
5,LIB32001-8424,Kara,Smith,dennis48@example.com
6,LIB82700-0937,Daniel,Riley,michael51@example.net
7,LIB42725-1499,Wesley,Allen,lhowell@example.net
8,LIB62962-9915,Jeremy,Kim,taylorjennifer@example.net
9,LIB71959-7502,Laura,Hill,ftaylor@example.org
10,LIB45007-4236,Heather,Hopkins,annacardenas@example.org
11,LIB89885-7265,Bobby,Yoder,annamaldonado@example.net
12,LIB12218-2824,Donald,Ross,whenderson@example.org
13,LIB98165-8647,Robert,Navarro,oliviastewart@example.net
14,LIB54071-3524,Brandi,Kim,wooddaniel@example.org
15,LIB85557-3761,Aaron,Brewer,pamelasmith@example.org
16,LIB63817-5557,Justin,Washington,brian24@example.net
17,LIB23113-3221,Sophia,Shields,johnford@example.net
18,LIB32778-0548,Paula,Green,dustin62@example.net
19,LIB48047-3795,Brandon,Stephens,lisacolon@example.net
20,LIB75302-5530,Carla,Turner,chapmanlori@example.com
21,LIB10274-2799,Todd,Hernandez,nbaker@example.net
22,LIB11207-5770,Denise,Kramer,margaret20@example.com
23,LIB42344-4066,William,Miranda,christopher71@example.com
24,LIB64279-2806,Alyssa,Phelps,melissakaiser@example.net
25,LIB39238-2977,Derek,Rowe,melissaduffy@example.net
26,LIB53152-8246,Aaron,Wilson,christophermay@example.org
27,LIB72818-8824,John,Coleman,cisnerosmanuel@example.com
28,LIB74316-8988,Mark,Horton,ewright@example.net
29,LIB83375-9126,Matthew,Rodriguez,vwilliams@example.com
30,LIB28518-8029,Julia,Berger,craig79@example.net
31,LIB51734-1596,Sarah,Wright,eric61@example.org
32,LIB49151-9636,Taylor,Reid,carolyn54@example.net
33,LIB74851-5955,Mary,Reese,melissa08@example.org
34,LIB74221-6268,Bradley,Parks,zfry@example.net
35,LIB99481-0995,Kenneth,Jenkins,michelleking@example.net
36,LIB94597-5803,Kimberly,Fletcher,eburnett@example.net
37,LIB06134-0738,Michael,Weber,johnsonbarbara@example.net
38,LIB97797-1578,Maurice,Morgan,ryanbentley@example.net
39,LIB47364-0755,Steven,Anderson,jacob95@example.org
40,LIB88306-0916,Brenda,Hill,rodriguezmike@example.net
41,LIB28189-0820,John,Rodriguez,aprilperry@example.net
42,LIB05171-0868,Richard,Evans,meyerkaren@example.org
43,LIB04413-9455,Bradley,Turner,megan37@example.com
44,LIB10977-6179,Edward,Wolf,shanerusso@example.net
45,LIB66711-5528,Karl,Mullins,julia36@example.org
46,LIB90045-5993,Robert,Chavez,clarkeaaron@example.com
47,LIB21006-4279,Brandon,Graves,jamesmartin@example.com
48,LIB00631-6563,Benjamin,Alvarez,sarahwhite@example.org
49,LIB49962-2790,Laura,Wood,wendysanchez@example.net
50,LIB16399-2585,Joshua,Thomas,gregory83@example.org
51,LIB68442-4292,Daniel,Hudson,wilsonisaac@example.net
52,LIB93636-9660,Megan,Grant,pamela63@example.org
53,LIB79735-4807,Kenneth,Hall,timothyreynolds@example.com
54,LIB82090-8479,Eduardo,Sherman,courtneyflores@example.net
55,LIB15415-6291,Marcus,Buck,ghunter@example.org
56,LIB20124-4538,Darrell,King,thomasbrian@example.net
57,LIB16875-8129,Robin,Sellers,kgray@example.org
58,LIB53017-3756,Brandy,Davidson,davidjohnson@example.net
59,LIB38468-8029,John,Barton,kristaowens@example.net
60,LIB42665-3768,Meghan,Young,debrafuller@example.com
61,LIB29967-7621,Charlene,Baird,espinozachristopher@example.org
62,LIB97399-0476,Dylan,Garrett,williamstiffany@example.com
63,LIB16714-6119,David,Kelley,smorgan@example.org
64,LIB73166-8572,Dennis,White,johnsondavid@example.com
65,LIB45320-9049,Samantha,Brooks,patricia46@example.com
66,LIB65508-1025,Susan,Chen,zle@example.net
67,LIB98782-4053,Kevin,Hinton,tayloracevedo@example.com
68,LIB74061-9096,Tiffany,Payne,brianpoole@example.net
69,LIB27737-1364,Frank,Mcgrath,kathybailey@example.net
70,LIB47280-3815,Emily,Harris,cartermaurice@example.net
71,LIB60068-6743,Kristen,Miller,courtneyroberts@example.net
72,LIB00973-7952,Philip,Hampton,tami86@example.org
73,LIB01484-8577,Stephanie,Evans,charles09@example.net
74,LIB48402-1535,Richard,Rose,rhorton@example.org
75,LIB24365-6063,Melissa,Williams,hopkinsbriana@example.com
76,LIB72831-6284,Joel,Schroeder,garciascott@example.org
77,LIB23361-4863,Stephanie,Hahn,markhull@example.net
78,LIB13697-0923,Keith,Powell,leetara@example.com
79,LIB77154-6552,Michele,Green,richardstrong@example.net
80,LIB87377-2631,Samantha,Bowen,jason72@example.org
81,LIB18445-3152,James,Martin,bolsen@example.net
82,LIB57255-2501,Megan,White,kmontoya@example.net
83,LIB96727-6300,Matthew,Carter,lorimartin@example.net
84,LIB85071-9254,Benjamin,Parker,teresa31@example.com
85,LIB42775-6785,Jeffrey,Massey,valenzuelastephen@example.com
86,LIB30129-5853,Michelle,Thompson,candaceburch@example.org
87,LIB59557-5025,Joseph,Smith,amber62@example.org
88,LIB02797-4795,Nathan,Cole,ucollins@example.com
89,LIB02383-5075,Allison,Anderson,alexandra48@example.org
90,LIB70633-3609,Evan,Porter,cranejessica@example.org
91,LIB75168-5201,Mary,Nicholson,fgreer@example.org
92,LIB43962-6358,Gina,Ball,thomasaguirre@example.com
93,LIB82284-3095,Dylan,Hendrix,davidmartinez@example.net
94,LIB34708-9632,Pamela,Murphy,ssmith@example.com
95,LIB94526-0533,Joseph,Henry,fernandezlinda@example.net
96,LIB35830-2403,Brandi,Blair,heatherwagner@example.org
97,LIB26549-6341,Allen,Gilbert,marygardner@example.net
98,LIB06833-9922,Christopher,Davis,markscatherine@example.com
99,LIB30677-9678,Alexis,Smith,nicole50@example.org
100,LIB74928-6523,Kathy,Lyons,dlowe@example.com
